{
  "a": 2.2169827414145886,
  "b": 0.0,
  "k": 21.0,
  "mean_xg": 2.379339781731933,
  "n_fit": 245,
  "slope_validated": false,
  "loto_nll": {
    "xg": 2.705,
    "const": 2.6888
  },
  "mean_mu": 9.18
}